borough,acres,typecatego,waterfront
R,20.906999999999996,Neighborhood Park,Yes
Q,0.061,Triangle/Plaza,No
B,1.13,Playground,No
X,2.16,Neighborhood Park,No
X,1.104,Jointly Operated Playground,No
B,0.004,Triangle/Plaza,No
Q,13.543,Community Park,No
B,0.3,Playground,No
B,1.253,Jointly Operated Playground,No
B,0.809,Garden,No
M,0.09,Garden,No
X,3.306,Neighborhood Park,No
Q,0.218,Playground,No
B,0.18100000000000002,Garden,No
M,1.275,Playground,No
X,1.578,Jointly Operated Playground,No
X,38.536,Community Park,No
B,1.0,Playground,No
M,1.4509999999999998,Neighborhood Park,No
Q,0.057,Garden,No
Q,28.87,Neighborhood Park,Yes
B,0.442,Neighborhood Park,No
Q,0.7490000000000001,Jointly Operated Playground,No
X,0.375,Garden,No
R,0.08900000000000001,Triangle/Plaza,No
B,1.3259999999999998,Jointly Operated Playground,No
X,0.44,Triangle/Plaza,No
Q,0.9,Triangle/Plaza,No
M,0.385,Playground,No
B,0.532,Triangle/Plaza,No
M,0.718,Managed Sites,No
M,2.148,Neighborhood Park,No
X,19.749000000000002,Neighborhood Park,No
X,0.84,Jointly Operated Playground,No
X,0.68,Cemetery,No
R,1.25,Nature Area,No
B,0.045,Garden,No
R,7.462999999999999,Jointly Operated Playground,No
B,36.81,Recreation Field/Courts,Yes
Q,0.836,Triangle/Plaza,No
X,0.22899999999999998,Playground,No
B,0.161,Playground,No
Q,1.5290000000000001,Neighborhood Park,No
B,0.392,Recreation Field/Courts,No
Q,1.14,Undeveloped,Yes
Q,2.327,Undeveloped,No
B,0.364,Triangle/Plaza,No
Q,3.009,Neighborhood Park,No
R,5.278,Recreation Field/Courts,No
B,1.314,Neighborhood Park,No
R,2.356,Nature Area,Yes
B,0.057999999999999996,Garden,No
X,1.368,Jointly Operated Playground,No
X,21.10936646,Nature Area,Yes
M,1.048,Jointly Operated Playground,No
X,0.39,Triangle/Plaza,No
X,0.031,Strip,No
Q,1.9669999999999999,Jointly Operated Playground,No
M,0.61,Jointly Operated Playground,No
R,350.983,Parkway,No
X,2.49,Cemetery,No
X,0.38299999999999995,Playground,No
B,2.984,Community Park,No
B,1.607,Jointly Operated Playground,No
Q,0.14,Triangle/Plaza,No
B,0.005,Triangle/Plaza,No
B,0.48700000000000004,Triangle/Plaza,No
B,0.865,Playground,No
M,0.06,Garden,No
Q,1.94,Recreation Field/Courts,No
R,70.6,Undeveloped,Yes
Q,0.026000000000000002,Triangle/Plaza,No
B,0.657,Neighborhood Park,No
Q,1.295,Playground,No
B,0.114,Garden,No
X,20.866999999999997,Historic House Park,No
R,0.28,Triangle/Plaza,No
Q,1.102,Undeveloped,No
M,0.069,Garden,No
R,3.955,Neighborhood Park,No
X,6.438,Neighborhood Park,Yes
X,0.05,Garden,No
M,0.361,Triangle/Plaza,No
Q,0.35600000000000004,Playground,No
M,1.4409999999999998,Jointly Operated Playground,No
M,0.34600000000000003,Playground,No
M,0.997,Neighborhood Park,No
B,0.16399999999999998,Garden,No
M,0.95,Neighborhood Park,No
X,0.7140000000000001,Playground,No
M,0.068,Garden,No
M,0.25,Mall,No
B,0.934,Jointly Operated Playground,No
M,0.095,Triangle/Plaza,No
Q,0.1,Garden,No
B,12.66,Managed Sites,No
M,0.385,Buildings/Institutions,No
Q,101.28,Community Park,No
B,798.0,Community Park,Yes
Q,55.023,Nature Area,Yes
B,0.004,Strip,No
B,2.3,Recreation Field/Courts,No
M,15.524000000000001,Community Park,No
Q,3.596,Jointly Operated Playground,No
Q,0.005,Triangle/Plaza,No
Q,72.75,Parkway,No
X,0.9179999999999999,Neighborhood Park,No
B,1.278,Playground,No
X,2.075,Jointly Operated Playground,No
M,0.08,Garden,No
M,0.021,Garden,No
R,26.531999999999996,Neighborhood Park,No
Q,1.37,Playground,No
Q,2.0269999999999997,Playground,No
B,1.5490000000000002,Jointly Operated Playground,No
X,4.385,Neighborhood Park,No
Q,0.002,Triangle/Plaza,No
B,1.0,Jointly Operated Playground,No
B,0.195,Triangle/Plaza,No
X,0.08800000000000001,Strip,No
Q,5.3229999999999995,Nature Area,Yes
B,0.11900000000000001,Garden,No
M,1.5930000000000002,Neighborhood Park,No
B,0.057999999999999996,Garden,No
B,2.387,Neighborhood Park,No
M,0.018000000000000002,Triangle/Plaza,No
X,0.659,Playground,No
R,3.259,Buildings/Institutions,No
B,0.10400000000000001,Garden,No
Q,1.35,Jointly Operated Playground,No
X,1.341,Playground,No
B,0.6940000000000001,Jointly Operated Playground,No
Q,2.096,Jointly Operated Playground,No
B,0.08199999999999999,Garden,No
B,0.008,Strip,No
B,1.76,Playground,No
M,0.65,Mall,No
B,0.02,Triangle/Plaza,No
B,58.0,Community Park,Yes
M,0.635,Neighborhood Park,No
Q,8.09,Neighborhood Park,Yes
X,1.053,Playground,No
M,0.5760000000000001,Neighborhood Park,No
Q,2.066,Recreation Field/Courts,No
X,0.13,Triangle/Plaza,No
B,0.9179999999999999,Community Park,No
X,1.222,Playground,No
Q,0.348,Undeveloped,No
R,1.375,Jointly Operated Playground,No
Q,897.69,Flagship Park,Yes
M,0.054000000000000006,Garden,No
B,77.181,Recreation Field/Courts,Yes
B,2.372,Playground,No
B,9.339,Community Park,No
B,2.29,Playground,No
M,0.35600000000000004,Waterfront Facility,Yes
B,0.02,Mall,No
Q,4.635,Community Park,No
B,0.21899999999999997,Garden,No
B,0.847,Playground,No
Q,0.047,Triangle/Plaza,No
Q,0.11800000000000001,Triangle/Plaza,No
Q,0.703,Neighborhood Park,No
M,0.763,Neighborhood Park,No
B,21.039,Community Park,Yes
B,0.489,Parkway,No
Q,1.045,Jointly Operated Playground,No
M,3.852,Jointly Operated Playground,No
B,0.091,Garden,No
B,42.583,Community Park,Yes
B,1.361,Neighborhood Park,No
X,0.9740000000000001,Playground,No
Q,0.46399999999999997,Undeveloped,No
X,0.025,Strip,Yes
B,1.6159999999999999,Jointly Operated Playground,No
X,0.16,Garden,No
B,1.187,Jointly Operated Playground,No
Q,9.16,Neighborhood Park,No
M,0.084,Garden,No
R,0.252,Garden,Yes
B,7.819,Community Park,No
B,0.05,Garden,No
X,0.115,Garden,No
R,178.47,Nature Area,Yes
Q,0.071,Triangle/Plaza,No
B,3.214,Neighborhood Park,No
X,0.11,Triangle/Plaza,No
X,0.636,Neighborhood Park,No
X,0.977,Jointly Operated Playground,No
R,3.903,Nature Area,No
B,1.51,Playground,No
B,0.752,Playground,No
M,0.054000000000000006,Garden,No
R,9.934,Neighborhood Park,Yes
Q,0.121,Garden,No
B,1.385,Neighborhood Park,No
R,1.777,Historic House Park,No
M,4.3,Community Park,No
M,0.883,Playground,No
R,145.935,Nature Area,No
B,0.019,Triangle/Plaza,No
B,36.493,Community Park,No
Q,0.47600000000000003,Playground,No
Q,3.4,Neighborhood Park,No
X,6.6,Nature Area,No
B,1.19,Neighborhood Park,No
M,0.42,Playground,No
X,9.238,Neighborhood Park,No
Q,2.456,Jointly Operated Playground,No
B,6.3,Parkway,No
M,0.483,Playground,No
Q,1.318,Jointly Operated Playground,No
X,15.99,Community Park,No
X,0.6809999999999999,Jointly Operated Playground,No
R,0.731,Undeveloped,Yes
Q,0.316,Strip,No
B,1.1,Jointly Operated Playground,No
M,2.15,Neighborhood Park,No
Q,1.161,Playground,No
Q,100.87299999999999,Community Park,No
Q,0.659,Recreation Field/Courts,No
B,0.06,Triangle/Plaza,No
B,1.4469999999999998,Jointly Operated Playground,No
M,0.249,Garden,No
B,0.934,Playground,No
X,413.8,Flagship Park,Yes
X,0.032,Undeveloped,No
B,0.161,Garden,No
B,0.37,Recreation Field/Courts,No
M,9.603,Neighborhood Park,No
M,0.061,Garden,No
M,0.38799999999999996,Garden,No
B,0.039,Garden,No
X,15.0,Neighborhood Park,No
B,0.003,Strip,No
B,1.056,Managed Sites,No
X,0.401,Playground,No
B,0.705,Playground,No
B,8.25,Neighborhood Park,No
Q,7.671,Community Park,No
Q,1.314,Playground,No
Q,1.2,Undeveloped,No
R,5.165,Community Park,No
B,0.46,Playground,No
X,0.16,Garden,No
Q,202.64700000000002,Parkway,No
M,1.369,Playground,No
B,1.17,Managed Sites,No
M,1.34,Jointly Operated Playground,No
R,1.3519999999999999,Recreation Field/Courts,No
X,0.006,Strip,No
X,1.4,Neighborhood Park,No
M,0.171,Garden,No
X,0.426,Neighborhood Park,Yes
M,0.156,Triangle/Plaza,No
B,0.10300000000000001,Garden,No
M,0.14400000000000002,Triangle/Plaza,No
R,0.006,Strip,No
B,0.5670000000000001,Playground,No
B,0.1,Triangle/Plaza,No
B,1.32,Neighborhood Park,No
B,21.377,Community Park,Yes
Q,0.065,Triangle/Plaza,No
B,0.152,Garden,No
M,0.20800000000000002,Buildings/Institutions,No
B,1.9340000000000002,Recreation Field/Courts,No
M,3.928,Neighborhood Park,No
R,3.0239999999999996,Neighborhood Park,No
Q,0.005,Strip,No
Q,0.069,Playground,No
Q,55.22,Community Park,Yes
B,0.004,Strip,No
Q,0.9420000000000001,Jointly Operated Playground,No
X,205.31,Flagship Park,Yes
M,0.013999999999999999,Triangle/Plaza,No
X,4.231,Waterfront Facility,Yes
M,3.312,Community Park,No
X,0.442,Playground,No
R,22.881999999999998,Nature Area,No
B,1.194,Jointly Operated Playground,No
M,0.051,Garden,No
Q,5.2,Neighborhood Park,No
B,10.555,Community Park,No
M,0.11,Garden,No
M,0.038,Triangle/Plaza,No
Q,0.005,Triangle/Plaza,No
B,0.129,Garden,No
Q,0.231,Buildings/Institutions,No
B,0.057,Garden,No
X,0.11599999999999999,Garden,No
M,1.228,Jointly Operated Playground,No
Q,0.76,Mall,No
M,1.494,Strip,No
R,1.6,Neighborhood Park,No
X,1.9040000000000001,Playground,No
B,0.183,Playground,No
B,0.019,Triangle/Plaza,No
Q,0.809,Jointly Operated Playground,No
B,6.7,Community Park,No
B,1.157,Jointly Operated Playground,No
B,0.135,Playground,No
B,0.205,Triangle/Plaza,No
X,9.395,Neighborhood Park,Yes
X,0.16,Triangle/Plaza,No
Q,56.831,Community Park,No
M,0.715,Jointly Operated Playground,No
Q,3.43,Undeveloped,Yes
M,0.134,Triangle/Plaza,No
M,0.22699999999999998,Triangle/Plaza,No
B,0.591,Neighborhood Park,No
X,0.494,Garden,No
B,0.114,Garden,No
R,0.5539999999999999,Nature Area,No
B,0.032,Triangle/Plaza,No
Q,0.518,Playground,No
M,0.045,Garden,No
X,0.17,Garden,No
B,0.10400000000000001,Garden,No
M,0.20600000000000002,Playground,No
B,140.0,Mall,No
B,0.076,Triangle/Plaza,No
Q,0.354,Triangle/Plaza,No
B,0.062,Garden,No
B,1.26,Playground,No
M,0.073,Triangle/Plaza,No
X,0.21,Triangle/Plaza,No
Q,0.02,Triangle/Plaza,No
B,1.38,Recreation Field/Courts,No
R,1.58,Historic House Park,No
Q,0.878,Jointly Operated Playground,No
Q,2.5,Community Park,No
B,1.2429999999999999,Jointly Operated Playground,No
B,0.115,Garden,No
M,0.039,Triangle/Plaza,No
B,1.2590000000000001,Jointly Operated Playground,No
M,2.759,Neighborhood Park,No
Q,0.05,Triangle/Plaza,No
M,0.04,Garden,No
B,0.172,Garden,No
Q,13.75,Neighborhood Park,Yes
B,1.7109999999999999,Triangle/Plaza,No
X,1.2,Playground,No
X,0.126,Triangle/Plaza,No
R,1.065,Jointly Operated Playground,No
M,45.88,Community Park,Yes
B,0.5379999999999999,Jointly Operated Playground,No
B,0.051,Triangle/Plaza,No
X,0.759,Undeveloped,No
M,0.079,Playground,No
M,0.882,Triangle/Plaza,No
R,52.375,Nature Area,No
R,644.35,Waterfront Facility,Yes
Q,249.389,Parkway,Yes
B,0.028999999999999998,Triangle/Plaza,No
Q,0.006,Undeveloped,No
M,0.295,Triangle/Plaza,No
Q,0.099,Triangle/Plaza,No
B,2.2640000000000002,Neighborhood Park,No
M,0.67,Playground,No
B,0.155,Triangle/Plaza,Yes
X,0.284,Playground,No
B,0.11599999999999999,Garden,No
Q,0.7040000000000001,Undeveloped,Yes
X,1.6230000000000002,Jointly Operated Playground,No
Q,4.427,Community Park,No
X,0.287,Playground,No
Q,19.555999999999997,Nature Area,Yes
X,206.717,Parkway,Yes
B,0.004,Strip,No
X,0.1,Triangle/Plaza,No
Q,1.21,Jointly Operated Playground,No
Q,1.719,Jointly Operated Playground,No
M,2.443,Community Park,No
X,0.9129999999999999,Jointly Operated Playground,No
R,0.735,Nature Area,No
B,0.955,Jointly Operated Playground,No
B,0.039,Triangle/Plaza,No
M,0.11800000000000001,Playground,No
Q,0.001,Strip,No
B,8.271,Neighborhood Park,No
M,0.043,Garden,No
Q,45.937,Community Park,No
Q,0.396,Triangle/Plaza,No
X,0.037000000000000005,Strip,No
B,0.23,Garden,No
X,0.12,Triangle/Plaza,No
M,1.239,Recreation Field/Courts,No
R,0.124,Cemetery,No
M,0.038,Garden,No
Q,1.439,Jointly Operated Playground,No
B,1.195,Triangle/Plaza,No
B,16.16,Community Park,No
M,66.693,Community Park,Yes
X,0.03,Undeveloped,No
Q,1.415,Neighborhood Park,No
Q,0.226,Cemetery,No
M,0.174,Playground,No
X,1.26,Recreation Field/Courts,No
B,0.106,Playground,No
Q,1.699,Jointly Operated Playground,No
B,30.168000000000003,Community Park,No
M,4.355,Neighborhood Park,No
M,0.6,Neighborhood Park,No
Q,0.023,Strip,No
B,1.3330000000000002,Jointly Operated Playground,No
X,0.138,Triangle/Plaza,No
R,16.505,Nature Area,No
X,1.054,Playground,No
B,1.252,Jointly Operated Playground,No
M,1.67,Neighborhood Park,No
X,0.083,Strip,No
M,0.051,Triangle/Plaza,No
X,1.28,Jointly Operated Playground,No
M,0.245,Jointly Operated Playground,No
B,1.13,Historic House Park,No
M,2.61,Playground,No
B,0.18100000000000002,Garden,No
X,0.12,Triangle/Plaza,No
B,1.5,Jointly Operated Playground,No
B,3.557,Neighborhood Park,No
B,0.068,Garden,No
M,4.35,Community Park,No
Q,149.54,Nature Area,Yes
Q,0.07400000000000001,Triangle/Plaza,No
B,0.057,Garden,No
B,1.371,Neighborhood Park,No
M,0.29,Buildings/Institutions,No
Q,171.2,Parkway,No
M,0.11900000000000001,Garden,No
B,0.436,Playground,No
X,0.743,Mall,No
B,0.026000000000000002,Parkway,No
B,0.773,Recreation Field/Courts,No
X,0.024,Triangle/Plaza,No
X,0.04,Triangle/Plaza,No
Q,0.084,Triangle/Plaza,No
Q,2.758,Neighborhood Park,No
B,526.25,Flagship Park,No
B,0.19,Garden,No
X,0.11,Garden,No
X,3.4,Recreation Field/Courts,No
B,0.213,Triangle/Plaza,No
X,1.016,Neighborhood Park,Yes
Q,104.6,Managed Sites,No
M,0.122,Playground,No
R,0.271,Neighborhood Park,No
M,0.268,Neighborhood Park,Yes
M,0.361,Garden,No
X,0.322,Jointly Operated Playground,No
B,0.6890000000000001,Jointly Operated Playground,No
Q,0.83,Triangle/Plaza,Yes
M,0.109,Garden,No
X,7.49,Nature Area,Yes
Q,0.27,Triangle/Plaza,No
B,0.23,Playground,No
Q,0.327,Playground,No
X,1.381,Neighborhood Park,No
M,0.052000000000000005,Garden,No
X,54.1,Parkway,No
B,0.06,Garden,No
X,0.09,Triangle/Plaza,No
B,0.705,Playground,No
Q,55.638999999999996,Community Park,No
R,2.21,Neighborhood Park,No
Q,6.28,Neighborhood Park,Yes
Q,2.937,Playground,No
Q,0.004,Strip,No
B,2.112,Neighborhood Park,No
X,0.336,Garden,No
M,1.3,Mall,No
B,4.32,Triangle/Plaza,No
M,0.436,Playground,No
M,0.231,Playground,No
B,0.102,Triangle/Plaza,No
Q,1.166,Jointly Operated Playground,No
Q,2.217,Neighborhood Park,No
B,64.665,Nature Area,Yes
B,1.101,Playground,No
Q,0.7859999999999999,Jointly Operated Playground,No
B,0.057999999999999996,Garden,No
B,2.656,Jointly Operated Playground,No
X,0.5489999999999999,Playground,No
B,0.32799999999999996,Playground,No
B,0.14,Garden,No
Q,1.297,Jointly Operated Playground,No
M,0.07200000000000001,Historic House Park,No
M,0.32,Triangle/Plaza,No
X,144.29,Nature Area,Yes
M,0.067,Triangle/Plaza,No
B,0.086,Garden,No
X,1.682,Mall,No
B,1.649,Cemetery,No
R,217.45,Nature Area,Yes
X,0.344,Playground,No
Q,0.46,Recreation Field/Courts,No
B,0.081,Garden,No
M,1.24,Playground,No
Q,0.159,Triangle/Plaza,Yes
R,107.57600000000001,Undeveloped,No
Q,0.10400000000000001,Triangle/Plaza,No
X,0.11699999999999999,Triangle/Plaza,No
Q,1.71,Triangle/Plaza,No
B,1.8159999999999998,Neighborhood Park,No
Q,22.6,Neighborhood Park,Yes
B,1.65,Recreation Field/Courts,No
Q,0.25,Triangle/Plaza,No
Q,11.788,Neighborhood Park,No
M,0.095,Triangle/Plaza,No
B,2.289,Neighborhood Park,No
M,1.59,Triangle/Plaza,No
X,0.47700000000000004,Jointly Operated Playground,No
X,0.023,Strip,No
R,0.113,Strip,No
X,0.972,Neighborhood Park,No
X,3.301,Neighborhood Park,No
B,1.38,Playground,Yes
X,1.11,Triangle/Plaza,No
R,214.947,Nature Area,No
X,15.32,Neighborhood Park,No
X,0.023,Strip,No
R,4.22,Nature Area,No
B,2.9389999999999996,Neighborhood Park,No
Q,1.9780000000000002,Neighborhood Park,No
B,1.547,Jointly Operated Playground,No
R,104.545,Waterfront Facility,Yes
B,0.15,Triangle/Plaza,No
Q,0.094,Triangle/Plaza,No
M,0.23,Mall,No
M,0.222,Triangle/Plaza,No
B,0.687,Garden,No
B,10.384,Neighborhood Park,No
B,1.29,Community Park,No
B,0.091,Garden,No
M,0.061,Garden,No
B,0.149,Garden,No
B,0.59,Playground,No
B,47.57,Buildings/Institutions,No
B,0.165,Garden,No
B,0.579,Playground,No
B,0.09300000000000001,Triangle/Plaza,No
R,0.033,Triangle/Plaza,No
Q,2.003,Jointly Operated Playground,No
M,17.581,Buildings/Institutions,No
X,229.14,Parkway,No
Q,7.683,Community Park,No
Q,3.8139999999999996,Jointly Operated Playground,No
M,1.27,Jointly Operated Playground,No
B,0.065,Garden,No
X,0.618,Playground,No
M,0.129,Garden,No
Q,40.07,Community Park,Yes
X,0.17,Triangle/Plaza,No
X,0.326,Triangle/Plaza,No
X,0.22699999999999998,Garden,No
B,0.36700000000000005,Playground,No
M,0.38,Garden,No
Q,2.035,Jointly Operated Playground,No
M,1.89,Neighborhood Park,No
B,0.115,Garden,No
M,0.063,Garden,No
Q,0.247,Cemetery,No
Q,0.044000000000000004,Triangle/Plaza,No
B,0.13,Garden,No
M,3.9,Playground,No
R,12.247,Buildings/Institutions,No
M,0.052000000000000005,Garden,No
R,2.476,Cemetery,No
X,0.248,Garden,No
R,3.593,Jointly Operated Playground,No
Q,3.8089999999999997,Waterfront Facility,Yes
B,8.807,Buildings/Institutions,Yes
X,0.006999999999999999,Strip,No
Q,0.551,Playground,No
M,1.43,Community Park,No
Q,0.8170000000000001,Buildings/Institutions,No
Q,0.185,Mall,No
X,8.834,Neighborhood Park,Yes
B,2.3,Neighborhood Park,No
M,170.7,Recreation Field/Courts,Yes
M,0.10400000000000001,Garden,No
Q,0.048,Cemetery,No
Q,0.8759999999999999,Jointly Operated Playground,No
M,0.26899999999999996,Triangle/Plaza,No
B,0.032,Garden,No
B,54.78,Nature Area,Yes
M,0.489,Neighborhood Park,No
Q,0.02,Strip,No
B,1.24,Playground,No
B,0.9179999999999999,Jointly Operated Playground,No
X,0.114,Garden,No
X,1.186,Jointly Operated Playground,No
Q,13.825999999999999,Triangle/Plaza,Yes
M,0.14,Garden,No
X,0.94,Playground,No
R,32.153,Nature Area,No
Q,1.722,Neighborhood Park,No
Q,37.95,Nature Area,Yes
Q,1.4269999999999998,Playground,No
Q,3.622,Recreation Field/Courts,Yes
B,39.5,Recreation Field/Courts,No
X,1.0,Playground,No
Q,0.003,Triangle/Plaza,No
B,0.068,Garden,No
X,1.597,Jointly Operated Playground,No
B,0.7390000000000001,Playground,No
B,0.09699999999999999,Triangle/Plaza,No
Q,3.735,Neighborhood Park,No
B,0.10400000000000001,Garden,No
X,1.88,Buildings/Institutions,No
M,0.059000000000000004,Garden,No
B,3.201,Community Park,No
X,11.39,Neighborhood Park,No
X,0.06,Triangle/Plaza,No
Q,0.759,Playground,No
B,0.068,Garden,No
R,5.765,Nature Area,No
B,2.0869999999999997,Jointly Operated Playground,No
M,1.984,Neighborhood Park,Yes
B,0.92,Triangle/Plaza,No
B,0.983,Undeveloped,No
M,0.525,Jointly Operated Playground,No
X,0.82,Neighborhood Park,No
B,16.8,Neighborhood Park,No
B,0.125,Playground,No
X,0.7440000000000001,Playground,No
Q,0.142,Undeveloped,No
B,0.011000000000000001,Triangle/Plaza,No
M,0.11599999999999999,Garden,No
M,46.657,Parkway,Yes
X,44.174,Community Park,No
X,1.205,Jointly Operated Playground,No
M,0.402,Jointly Operated Playground,No
Q,0.01,Triangle/Plaza,No
X,0.68,Jointly Operated Playground,No
X,0.667,Strip,No
B,0.165,Garden,No
X,0.207,Garden,No
B,1.702,Lot,No
X,0.313,Triangle/Plaza,No
Q,1.033,Neighborhood Park,No
B,0.48,Triangle/Plaza,No
X,1.001,Playground,No
Q,0.6579999999999999,Triangle/Plaza,No
Q,0.17,Triangle/Plaza,No
B,0.19699999999999998,Playground,No
M,0.17,Buildings/Institutions,No
B,0.025,Garden,No
M,0.096,Garden,No
Q,1.0759999999999998,Jointly Operated Playground,No
M,0.738,Jointly Operated Playground,No
B,6.235,Recreation Field/Courts,No
M,0.076,Triangle/Plaza,No
B,0.9179999999999999,Neighborhood Park,No
X,0.94,Playground,No
B,0.063,Garden,No
M,0.18600000000000003,Garden,No
M,0.9940000000000001,Triangle/Plaza,No
X,0.34,Garden,No
B,0.258,Mall,No
B,1.061,Jointly Operated Playground,No
X,0.342,Neighborhood Park,No
X,0.38,Triangle/Plaza,No
R,2.056,Undeveloped,No
M,0.35100000000000003,Triangle/Plaza,No
B,0.115,Garden,No
X,0.207,Playground,No
B,6.611000000000001,Neighborhood Park,Yes
X,0.764,Nature Area,No
Q,0.467,Triangle/Plaza,No
B,0.037000000000000005,Garden,No
Q,0.036000000000000004,Triangle/Plaza,No
M,0.165,Triangle/Plaza,No
B,1.032,Playground,No
M,256.111,Flagship Park,Yes
M,0.625,Triangle/Plaza,No
B,0.057,Triangle/Plaza,No
R,286.382,Nature Area,Yes
R,15.368,Nature Area,Yes
Q,0.10099999999999999,Playground,No
B,1.595,Jointly Operated Playground,No
M,0.192,Playground,No
M,0.9470000000000001,Jointly Operated Playground,No
R,1.324,Neighborhood Park,No
X,9.488,Lot,No
X,1.32,Jointly Operated Playground,No
B,77.044,Nature Area,Yes
B,6.401,Neighborhood Park,No
X,1.02,Playground,No
Q,23.543000000000003,Community Park,No
M,0.187,Triangle/Plaza,No
M,0.688,Playground,No
Q,1.206,Jointly Operated Playground,No
X,0.201,Playground,No
X,4.0,Neighborhood Park,No
X,0.096,Playground,No
B,0.89,Jointly Operated Playground,No
R,4.605,Waterfront Facility,Yes
Q,0.10099999999999999,Triangle/Plaza,No
M,196.398,Community Park,Yes
Q,2.2,Neighborhood Park,No
B,4.044,Playground,No
M,0.048,Garden,No
Q,0.018000000000000002,Triangle/Plaza,No
M,0.12300000000000001,Garden,No
M,0.023,Garden,No
Q,47.08,Managed Sites,No
M,0.789,Neighborhood Park,No
Q,0.08199999999999999,Strip,No
X,0.16699999999999998,Parkway,No
B,0.091,Garden,No
X,2.331,Playground,No
B,0.057999999999999996,Triangle/Plaza,No
M,0.034,Garden,No
M,0.122,Garden,No
R,0.892,Jointly Operated Playground,No
M,0.092,Triangle/Plaza,No
Q,1.025,Jointly Operated Playground,No
M,28.434,Community Park,Yes
R,5.188,Nature Area,No
M,0.44799999999999995,Triangle/Plaza,No
M,0.851,Jointly Operated Playground,No
B,0.20600000000000002,Jointly Operated Playground,No
B,0.9329999999999999,Jointly Operated Playground,No
Q,0.49200000000000005,Triangle/Plaza,No
X,2.537,Jointly Operated Playground,No
B,1.315,Jointly Operated Playground,No
X,1.882,Jointly Operated Playground,No
R,1.43,Triangle/Plaza,No
M,20.132,Community Park,No
B,1.003,Playground,No
X,0.316,Playground,No
Q,13.894,Nature Area,No
Q,0.315,Triangle/Plaza,No
B,0.073,Garden,No
B,0.177,Garden,No
X,3.85,Neighborhood Park,No
X,0.12,Garden,No
B,1.08,Undeveloped,No
Q,0.18,Garden,No
X,1.13,Managed Sites,Yes
Q,0.057,Garden,No
B,0.172,Garden,No
X,2.5,Neighborhood Park,No
Q,0.32,Triangle/Plaza,No
X,0.529,Playground,No
M,2.13,Parkway,No
B,0.996,Playground,No
M,2.752,Neighborhood Park,No
M,0.094,Triangle/Plaza,No
Q,0.054000000000000006,Triangle/Plaza,No
M,0.40299999999999997,Neighborhood Park,No
X,1146.43,Flagship Park,No
R,0.845,Nature Area,No
X,0.43,Garden,No
Q,0.978,Neighborhood Park,No
X,0.82,Playground,No
B,0.868,Jointly Operated Playground,No
M,1.383,Neighborhood Park,No
B,24.218000000000004,Neighborhood Park,No
M,0.192,Triangle/Plaza,No
M,0.1,Garden,No
Q,0.051,Triangle/Plaza,No
Q,1.31,Playground,No
M,0.05,Garden,No
X,0.36,Triangle/Plaza,No
Q,0.254,Triangle/Plaza,No
B,0.114,Garden,No
B,10.390999999999998,Community Park,No
Q,3.4,Strip,No
B,4.525,Neighborhood Park,Yes
R,760.79,Flagship Park,No
Q,1.016,Jointly Operated Playground,No
M,0.669,Neighborhood Park,No
B,0.249,Garden,No
B,0.332,Garden,No
X,0.017,Triangle/Plaza,No
Q,1.48,Jointly Operated Playground,No
M,0.97,Neighborhood Park,No
Q,1.598,Playground,No
B,1.5,Neighborhood Park,No
B,0.045,Triangle/Plaza,No
B,3.023,Jointly Operated Playground,No
Q,1.993,Undeveloped,No
X,0.76,Garden,No
B,0.052000000000000005,Triangle/Plaza,No
B,45.059,Flagship Park,No
M,0.8909999999999999,Jointly Operated Playground,No
X,0.461,Playground,No
B,1.06,Jointly Operated Playground,No
Q,9.154,Community Park,No
X,8.005,Nature Area,Yes
B,1.6480000000000001,Playground,No
M,0.8109999999999999,Playground,No
R,1.6,Playground,No
B,0.057,Garden,No
M,0.057,Garden,No
Q,0.09,Triangle/Plaza,No
B,0.28,Garden,No
X,1.51,Jointly Operated Playground,No
M,840.01,Flagship Park,No
Q,2.8569999999999998,Playground,No
M,0.345,Triangle/Plaza,No
R,10.5,Community Park,No
M,0.684,Playground,No
M,0.106,Garden,No
X,0.009000000000000001,Triangle/Plaza,No
X,0.141,Playground,No
Q,0.166,Triangle/Plaza,No
B,0.565,Playground,No
M,0.135,Playground,No
Q,1.492,Garden,No
M,0.069,Garden,No
Q,0.98,Jointly Operated Playground,No
M,0.551,Jointly Operated Playground,No
B,63.636,Parkway,No
B,0.09,Parkway,No
B,1.8359999999999999,Recreation Field/Courts,No
Q,0.22,Triangle/Plaza,No
B,1.033,Jointly Operated Playground,No
X,1.23,Jointly Operated Playground,No
M,1.5,Community Park,No
Q,1.479,Jointly Operated Playground,No
X,0.92,Jointly Operated Playground,No
B,3.214,Neighborhood Park,No
M,0.267,Garden,No
M,0.11699999999999999,Triangle/Plaza,No
B,0.04,Garden,No
X,0.9109999999999999,Playground,No
B,7.79,Neighborhood Park,No
X,0.511,Undeveloped,No
R,34.689,Nature Area,Yes
B,0.41,Garden,No
B,58.503,Community Park,Yes
Q,0.115,Garden,No
B,1.581,Playground,No
B,2.783,Jointly Operated Playground,No
Q,0.004,Triangle/Plaza,No
B,0.23,Garden,No
X,0.032,Garden,No
B,0.8,Mall,No
Q,1.2009999999999998,Playground,No
B,0.9129999999999999,Playground,No
B,1.187,Neighborhood Park,No
Q,1.051,Jointly Operated Playground,No
Q,0.452,Buildings/Institutions,No
X,8.972000000000001,Neighborhood Park,No
B,0.21100000000000002,Garden,No
M,1.254,Neighborhood Park,No
B,0.039,Garden,No
B,0.025,Triangle/Plaza,No
X,0.8170000000000001,Playground,No
X,1.815,Jointly Operated Playground,No
Q,1.226,Recreation Field/Courts,No
B,0.214,Triangle/Plaza,No
Q,109.609,Community Park,No
X,0.042,Undeveloped,No
M,0.446,Triangle/Plaza,No
Q,2.2430000000000003,Jointly Operated Playground,No
X,0.27,Playground,No
X,1.107,Jointly Operated Playground,No
M,0.03,Triangle/Plaza,No
Q,1.48,Jointly Operated Playground,No
B,0.3,Garden,No
Q,18.768,Recreation Field/Courts,Yes
Q,0.32299999999999995,Neighborhood Park,No
R,4.465,Nature Area,No
B,0.149,Garden,No
X,0.32899999999999996,Buildings/Institutions,No
Q,17.0,Community Park,No
B,0.9179999999999999,Neighborhood Park,No
Q,0.08,Triangle/Plaza,No
B,0.057,Garden,No
B,0.406,Playground,No
X,8.75,Mall,No
M,0.095,Triangle/Plaza,No
R,1.922,Jointly Operated Playground,No
B,2.944,Recreation Field/Courts,Yes
Q,0.024,Triangle/Plaza,No
B,2.117,Playground,No
Q,0.145,Mall,No
Q,2.69,Recreation Field/Courts,No
M,0.7490000000000001,Neighborhood Park,No
Q,0.5529999999999999,Mall,No
M,0.8370000000000001,Jointly Operated Playground,No
X,0.44,Undeveloped,No
M,7.782,Waterfront Facility,Yes
B,0.002,Strip,No
M,0.622,Playground,No
M,1.7,Jointly Operated Playground,No
R,0.049,Undeveloped,No
X,2.944,Playground,No
B,1.23,Jointly Operated Playground,No
X,0.028999999999999998,Garden,No
R,6.563,Nature Area,No
R,0.96,Undeveloped,No
Q,110.93,Managed Sites,No
Q,27.484,Nature Area,Yes
B,0.155,Playground,No
Q,635.514,Flagship Park,Yes
X,0.12,Triangle/Plaza,No
R,0.006,Strip,No
M,0.134,Recreation Field/Courts,No
Q,3.076,Neighborhood Park,No
B,1.43,Neighborhood Park,No
B,0.083,Garden,No
M,13.35,Neighborhood Park,No
R,0.3,Triangle/Plaza,No
B,3.449,Neighborhood Park,No
M,0.11,Garden,No
Q,0.778,Garden,No
Q,0.318,Undeveloped,No
X,0.267,Playground,No
B,1.171,Neighborhood Park,No
B,0.327,Playground,No
X,1.82,Playground,No
M,1.64,Community Park,No
M,0.35,Garden,No
Q,2.524,Neighborhood Park,No
B,0.9179999999999999,Garden,No
X,22.07,Managed Sites,Yes
R,0.9490000000000001,Jointly Operated Playground,No
B,0.44,Garden,No
X,0.18600000000000003,Playground,No
Q,1.16,Jointly Operated Playground,No
M,0.68,Recreation Field/Courts,No
R,36.691,Nature Area,No
R,0.49,Playground,No
M,0.08,Triangle/Plaza,No
M,0.39,Garden,No
M,14.937999999999999,Neighborhood Park,Yes
Q,3.258,Recreation Field/Courts,No
Q,0.5820000000000001,Neighborhood Park,No
M,0.21,Triangle/Plaza,No
Q,0.008,Triangle/Plaza,No
Q,5.593,Recreation Field/Courts,No
Q,45.79,Community Park,No
X,0.025,Strip,No
B,1.93,Recreation Field/Courts,No
X,0.5,Parkway,No
Q,0.040999999999999995,Triangle/Plaza,No
B,0.145,Garden,No
M,0.607,Recreation Field/Courts,No
Q,1.47,Playground,No
R,83.3,Historic House Park,Yes
Q,2.872,Neighborhood Park,No
B,1.17,Jointly Operated Playground,No
M,0.15,Garden,No
R,94.1,Nature Area,No
M,1.139,Mall,No
R,0.85,Triangle/Plaza,No
B,0.475,Garden,No
B,8.565,Neighborhood Park,No
Q,0.03,Triangle/Plaza,No
Q,0.008,Triangle/Plaza,No
Q,5.84399754,Neighborhood Park,Yes
B,0.281,Parkway,No
Q,1.239,Jointly Operated Playground,No
Q,0.44799999999999995,Neighborhood Park,No
X,0.637,Jointly Operated Playground,No
Q,1.035,Triangle/Plaza,No
B,1.23,Jointly Operated Playground,No
M,0.018000000000000002,Triangle/Plaza,No
B,0.11,Garden,No
R,1.115,Neighborhood Park,No
Q,111.163,Nature Area,Yes
B,0.067,Triangle/Plaza,No
B,1.195,Jointly Operated Playground,No
X,3.3480000000000003,Playground,No
R,13.937999999999999,Neighborhood Park,Yes
M,0.366,Triangle/Plaza,No
M,0.11699999999999999,Garden,No
Q,1.2770000000000001,Jointly Operated Playground,No
X,0.16,Triangle/Plaza,No
B,1.3630000000000002,Neighborhood Park,No
X,0.15,Garden,No
M,0.033,Garden,No
Q,5.1,Neighborhood Park,No
M,2.445,Recreation Field/Courts,No
R,193.423,Community Park,No
X,6.1,Recreation Field/Courts,Yes
R,0.159,Triangle/Plaza,No
X,6.882000000000001,Community Park,No
M,0.115,Garden,No
Q,1.785,Neighborhood Park,No
R,2.8360000000000003,Jointly Operated Playground,No
Q,16.831,Neighborhood Park,Yes
M,0.242,Triangle/Plaza,No
B,3.56,Community Park,No
M,1.0,Neighborhood Park,No
Q,498.154,Waterfront Facility,Yes
X,1.646,Playground,No
Q,1.285,Managed Sites,No
M,0.456,Playground,No
B,6.05,Jointly Operated Playground,No
R,1.78,Nature Area,No
Q,0.6859999999999999,Jointly Operated Playground,No
M,0.882,Jointly Operated Playground,No
B,6.379,Neighborhood Park,No
Q,0.318,Recreation Field/Courts,No
B,0.08,Parkway,No
B,0.08199999999999999,Garden,No
Q,0.09,Mall,No
B,0.256,Playground,No
Q,0.935,Jointly Operated Playground,No
M,0.9,Recreation Field/Courts,No
M,0.046,Garden,No
R,0.7240000000000001,Neighborhood Park,No
Q,0.214,Triangle/Plaza,No
M,0.209,Triangle/Plaza,No
Q,5.82,Neighborhood Park,Yes
Q,180.85,Nature Area,No
M,3.233,Playground,No
X,7.84,Neighborhood Park,No
B,0.191,Garden,No
B,0.429,Playground,No
B,2.064,Mall,No
X,1.025,Playground,No
Q,0.012,Strip,No
B,0.67,Community Park,No
B,0.11,Triangle/Plaza,No
Q,2.2,Jointly Operated Playground,No
X,0.7,Playground,No
Q,1.29985643,Jointly Operated Playground,No
X,0.722,Jointly Operated Playground,No
B,2.9130000000000003,Triangle/Plaza,No
B,3.403,Jointly Operated Playground,No
B,0.22899999999999998,Garden,No
X,7.7379999999999995,Recreation Field/Courts,No
B,0.826,Community Park,No
X,0.36700000000000005,Playground,No
R,0.11,Undeveloped,No
B,3.03,Neighborhood Park,No
M,0.252,Neighborhood Park,No
B,0.295,Playground,No
B,1.148,Neighborhood Park,No
B,216.655,Community Park,No
M,184.143,Community Park,Yes
X,0.1,Triangle/Plaza,No
X,4.359,Neighborhood Park,No
X,8.607000000000001,Community Park,No
B,0.975,Lot,No
B,85.527,Recreation Field/Courts,Yes
Q,0.961,Garden,No
Q,1.8030000000000002,Mall,No
Q,0.249,Undeveloped,No
Q,0.581,Neighborhood Park,No
Q,8.833,Jointly Operated Playground,No
M,6.51,Community Park,No
Q,2.7,Jointly Operated Playground,No
X,7.156000000000001,Neighborhood Park,Yes
M,0.04,Garden,No
Q,1.206,Jointly Operated Playground,No
Q,1.25,Jointly Operated Playground,No
R,3.77,Nature Area,No
Q,0.047,Triangle/Plaza,No
M,0.043,Triangle/Plaza,No
Q,0.02,Strip,No
B,0.9470000000000001,Parkway,No
M,0.096,Recreation Field/Courts,No
B,0.002,Strip,No
Q,0.002,Strip,No
M,0.02,Garden,No
Q,0.135,Mall,No
X,0.28,Triangle/Plaza,No
Q,0.13,Triangle/Plaza,No
B,0.09699999999999999,Garden,No
X,4.637,Neighborhood Park,No
B,0.052000000000000005,Garden,No
Q,0.045,Triangle/Plaza,No
Q,1.05,Playground,No
B,1.3,Neighborhood Park,No
X,0.345,Recreation Field/Courts,No
B,0.391,Garden,No
Q,0.29,Buildings/Institutions,No
R,3.014,Neighborhood Park,No
M,0.07,Triangle/Plaza,No
B,0.073,Garden,No
B,1.56,Neighborhood Park,No
R,1.53,Nature Area,No
X,1.0,Jointly Operated Playground,No
X,2.136,Neighborhood Park,No
B,0.546,Garden,No
X,0.171,Garden,No
X,1.7930000000000001,Jointly Operated Playground,No
X,0.12,Triangle/Plaza,No
Q,3.673,Jointly Operated Playground,No
M,1.6909999999999998,Jointly Operated Playground,No
R,91.086,Nature Area,No
R,2.335,Neighborhood Park,No
B,1.041,Neighborhood Park,No
R,16.93,Nature Area,No
B,0.13699999999999998,Garden,No
B,132.2,Community Park,Yes
M,0.991,Community Park,No
Q,0.457,Neighborhood Park,No
Q,1.754,Undeveloped,No
X,0.272,Garden,No
B,0.06,Triangle/Plaza,No
B,0.915,Jointly Operated Playground,No
X,0.187,Triangle/Plaza,No
B,0.057,Garden,No
M,0.423,Triangle/Plaza,No
Q,0.205,Garden,No
B,0.045,Garden,No
B,0.07,Triangle/Plaza,No
X,0.31,Triangle/Plaza,No
B,0.231,Neighborhood Park,No
B,0.013000000000000001,Triangle/Plaza,No
Q,1.429,Mall,No
X,0.03,Strip,No
M,0.057999999999999996,Garden,No
Q,0.375,Strip,No
R,3.23,Jointly Operated Playground,No
X,0.903,Neighborhood Park,No
X,0.028999999999999998,Strip,No
Q,0.062,Triangle/Plaza,No
B,1.37,Jointly Operated Playground,No
B,0.237,Recreation Field/Courts,No
X,0.41200000000000003,Jointly Operated Playground,No
R,2.889,Neighborhood Park,No
B,1.187,Neighborhood Park,No
M,2.3,Parkway,No
M,0.16899999999999998,Garden,No
Q,2.719,Jointly Operated Playground,No
Q,2.043,Neighborhood Park,No
X,1.0,Triangle/Plaza,No
M,0.057,Garden,No
R,210.928,Nature Area,No
X,1.95,Neighborhood Park,No
B,2.427,Neighborhood Park,No
X,1.7069999999999999,Recreation Field/Courts,No
M,5.605,Mall,No
Q,0.207,Triangle/Plaza,No
X,10.735,Nature Area,No
B,0.001,Triangle/Plaza,No
M,0.086,Garden,No
Q,0.8340000000000001,Triangle/Plaza,No
M,0.203,Triangle/Plaza,No
B,0.7340000000000001,Historic House Park,No
X,0.436,Playground,No
M,1.016,Triangle/Plaza,No
B,0.043,Garden,No
X,127.5,Flagship Park,No
B,0.622,Playground,No
R,205.977,Managed Sites,No
X,0.44,Garden,Yes
X,1.16,Garden,Yes
Q,0.001,Strip,No
B,1.034,Neighborhood Park,No
M,0.517,Playground,No
Q,0.565,Triangle/Plaza,No
X,3.02,Playground,No
B,0.081,Garden,No
X,2.181,Community Park,No
Q,0.9,Playground,No
X,1.871,Neighborhood Park,No
B,17.5,Recreation Field/Courts,Yes
B,118.795,Nature Area,Yes
M,0.172,Playground,No
M,1.58,Jointly Operated Playground,No
Q,31.5,Waterfront Facility,Yes
B,0.10300000000000001,Garden,No
B,0.068,Triangle/Plaza,No
B,0.191,Triangle/Plaza,No
M,5.756,Recreation Field/Courts,No
X,0.32,Garden,No
B,0.06,Garden,No
X,0.10099999999999999,Garden,No
B,0.004,Strip,No
Q,1.071,Jointly Operated Playground,No
B,0.444,Jointly Operated Playground,No
Q,0.46,Recreation Field/Courts,No
X,0.7120000000000001,Jointly Operated Playground,No
X,0.07200000000000001,Triangle/Plaza,No
Q,0.23,Neighborhood Park,No
B,0.225,Garden,No
Q,59.956,Community Park,Yes
X,0.102,Strip,No
X,4.926,Community Park,No
B,0.321,Garden,No
X,0.455,Historic House Park,No
X,0.977,Playground,No
M,0.08199999999999999,Garden,No
R,1.681,Jointly Operated Playground,No
M,4.623,Mall,No
M,0.12,Triangle/Plaza,No
B,0.091,Garden,No
X,1.0,Playground,No
Q,166.71,Waterfront Facility,Yes
X,0.344,Garden,No
R,87.516,Nature Area,Yes
X,83.615,Nature Area,Yes
Q,0.185,Triangle/Plaza,No
B,0.32,Triangle/Plaza,No
B,0.682,Jointly Operated Playground,No
B,0.736,Parkway,No
B,5.888,Jointly Operated Playground,No
M,1.143,Neighborhood Park,No
M,20.165,Community Park,No
R,6.402,Nature Area,No
Q,1.5019999999999998,Playground,No
M,0.066,Garden,No
R,5.848,Parkway,No
X,0.2,Triangle/Plaza,No
R,3.195,Buildings/Institutions,No
B,0.585,Neighborhood Park,No
Q,1.652,Mall,No
X,0.52,Triangle/Plaza,No
B,0.907,Jointly Operated Playground,No
X,12.224,Neighborhood Park,Yes
M,0.563,Jointly Operated Playground,No
Q,0.42100000000000004,Triangle/Plaza,No
B,0.061,Garden,No
B,0.113,Strip,No
X,0.131,Garden,No
M,0.115,Triangle/Plaza,No
Q,0.1,Triangle/Plaza,No
R,1.37,Playground,No
M,0.653,Playground,No
B,4.945,Neighborhood Park,No
B,0.43799999999999994,Parkway,No
B,760.43,Parkway,Yes
M,67.21300000000001,Community Park,No
Q,1.013,Jointly Operated Playground,No
B,399.473,Waterfront Facility,Yes
X,0.09,Mall,No
B,0.091,Garden,No
Q,5.43,Neighborhood Park,No
B,0.08900000000000001,Garden,No
M,0.728,Triangle/Plaza,No
Q,2.948,Community Park,No
M,1.524,Historic House Park,No
Q,7.122000000000001,Neighborhood Park,Yes
M,0.04,Triangle/Plaza,No
Q,0.514,Playground,No
Q,2.98,Neighborhood Park,No
R,9.2,Nature Area,No
B,0.203,Garden,No
X,0.061,Undeveloped,No
Q,0.10800000000000001,Garden,No
B,2.326,Jointly Operated Playground,No
X,0.5920000000000001,Undeveloped,No
B,17.14,Community Park,No
B,6.7,Community Park,No
R,4.3389999999999995,Community Park,Yes
Q,0.011000000000000001,Triangle/Plaza,No
B,1.821,Neighborhood Park,No
B,0.11199999999999999,Triangle/Plaza,No
X,0.15,Strip,No
B,2.9819999999999998,Playground,No
B,0.032,Garden,No
M,0.055999999999999994,Triangle/Plaza,No
B,3.083,Waterfront Facility,Yes
B,0.312,Triangle/Plaza,No
B,1.8940000000000001,Neighborhood Park,No
M,0.85,Triangle/Plaza,Yes
M,1.093,Playground,No
M,2.436,Buildings/Institutions,No
Q,0.809,Jointly Operated Playground,No
M,29.888,Community Park,No
X,0.1,Triangle/Plaza,No
B,0.8,Jointly Operated Playground,No
X,0.07,Garden,No
Q,0.138,Triangle/Plaza,No
Q,0.207,Playground,No
M,0.11,Garden,No
R,1.178,Undeveloped,No
X,0.064,Garden,No
M,0.028999999999999998,Garden,No
Q,0.8959999999999999,Neighborhood Park,No
B,0.065,Garden,No
X,0.67,Playground,No
M,6.234,Neighborhood Park,No
B,0.139,Triangle/Plaza,No
B,0.067,Triangle/Plaza,No
R,173.99400000000003,Managed Sites,No
B,0.762,Parkway,No
X,11.57,Neighborhood Park,Yes
Q,0.083,Garden,No
Q,1.964,Jointly Operated Playground,No
M,0.059000000000000004,Triangle/Plaza,No
Q,0.003,Strip,No
M,0.17800000000000002,Garden,No
M,0.163,Garden,No
Q,0.3,Triangle/Plaza,No
X,1.194,Lot,No
M,0.03,Garden,No
B,1.3630000000000002,Playground,No
M,0.266,Playground,No
X,0.83,Jointly Operated Playground,No
B,1.095,Jointly Operated Playground,No
Q,0.027999999999999997,Triangle/Plaza,No
B,2.295,Neighborhood Park,No
B,2.76,Neighborhood Park,No
M,0.034,Garden,No
B,1.072,Neighborhood Park,No
B,0.467,Playground,No
Q,1.085,Jointly Operated Playground,No
M,0.267,Triangle/Plaza,No
B,0.9179999999999999,Jointly Operated Playground,No
X,0.381,Playground,No
B,1.093,Triangle/Plaza,No
B,0.11699999999999999,Garden,No
X,0.03,Strip,No
B,0.017,Triangle/Plaza,No
B,1.2109999999999999,Jointly Operated Playground,No
B,8.892000000000001,Nature Area,Yes
M,0.047,Triangle/Plaza,No
Q,0.113,Triangle/Plaza,No
B,1.976,Recreation Field/Courts,No
M,2.32,Recreation Field/Courts,No
X,0.213,Triangle/Plaza,No
B,1.056,Neighborhood Park,No
B,0.319,Playground,No
B,14.257,Triangle/Plaza,No
X,0.038,Strip,No
M,0.18600000000000003,Triangle/Plaza,No
B,0.046,Garden,No
M,130.1,Community Park,Yes
M,6.73,Community Park,No
X,0.008,Strip,No
X,0.7170000000000001,Jointly Operated Playground,No
Q,0.46,Recreation Field/Courts,No
B,0.93,Parkway,No
R,1.307,Jointly Operated Playground,No
X,0.782,Jointly Operated Playground,No
Q,2.5540000000000003,Jointly Operated Playground,No
X,1.395,Triangle/Plaza,No
B,0.293,Playground,No
M,0.25,Garden,No
Q,1.35,Jointly Operated Playground,No
R,302.693,Community Park,Yes
B,1.6869999999999998,Jointly Operated Playground,No
B,0.275,Garden,No
R,2.057,Playground,No
B,0.536,Jointly Operated Playground,No
M,0.525,Neighborhood Park,No
X,2.25,Undeveloped,Yes
X,0.19,Garden,No
B,0.32,Garden,No
X,0.19,Garden,No
Q,0.04,Triangle/Plaza,No
B,1.67,Jointly Operated Playground,No
B,0.8959999999999999,Playground,No
X,0.136,Triangle/Plaza,No
X,3.5,Jointly Operated Playground,No
B,0.10099999999999999,Garden,No
R,4.096,Jointly Operated Playground,No
R,9.181000000000001,Nature Area,Yes
M,3.089,Parkway,Yes
Q,0.867,Neighborhood Park,No
Q,2.059,Jointly Operated Playground,No
Q,0.008,Strip,No
X,0.12,Undeveloped,No
X,0.054000000000000006,Triangle/Plaza,No
Q,1.052,Jointly Operated Playground,No
Q,0.13699999999999998,Mall,No
B,0.525,Garden,No
Q,0.126,Triangle/Plaza,No
M,1.227,Neighborhood Park,No
M,0.06,Garden,No
Q,1.304,Jointly Operated Playground,No
Q,5.4,Community Park,No
X,1.053,Jointly Operated Playground,No
Q,0.005,Strip,No
M,0.8340000000000001,Jointly Operated Playground,No
Q,0.2,Triangle/Plaza,No
B,0.002,Strip,No
B,2.391,Buildings/Institutions,No
X,0.13,Garden,No
B,0.07,Triangle/Plaza,No
M,0.087,Garden,No
X,0.059000000000000004,Triangle/Plaza,No
Q,12.624,Waterfront Facility,Yes
B,0.165,Garden,No
X,1.274,Recreation Field/Courts,No
R,0.636,Playground,No
X,1.806,Recreation Field/Courts,No
Q,0.013000000000000001,Triangle/Plaza,No
Q,0.626,Playground,No
B,0.138,Triangle/Plaza,No
B,0.053,Garden,No
X,0.179,Garden,No
X,0.381,Playground,No
Q,0.24100000000000002,Mall,No
B,1.3730000000000002,Recreation Field/Courts,No
M,0.451,Jointly Operated Playground,No
Q,9.404,Parkway,No
B,0.48700000000000004,Playground,No
Q,0.54,Neighborhood Park,No
B,0.032,Triangle/Plaza,No
B,1.9,Neighborhood Park,No
Q,0.049,Triangle/Plaza,No
M,0.247,Triangle/Plaza,No
Q,1.14,Playground,No
B,1.035,Jointly Operated Playground,No
Q,3.4739999999999998,Neighborhood Park,No
X,0.47,Triangle/Plaza,No
R,110.96,Nature Area,Yes
B,1.0,Community Park,No
M,0.22399999999999998,Garden,No
Q,0.054000000000000006,Garden,No
B,1.161,Triangle/Plaza,No
X,4.417,Recreation Field/Courts,No
M,22.74,Neighborhood Park,No
B,0.23,Jointly Operated Playground,No
B,0.18899999999999997,Neighborhood Park,No
Q,0.618,Playground,Yes
M,9.749,Neighborhood Park,No
Q,0.91,Jointly Operated Playground,No
X,0.11,Garden,No
Q,0.064,Triangle/Plaza,No
B,3.214,Neighborhood Park,No
Q,44.295,Nature Area,Yes
M,0.053,Garden,No
Q,0.03,Triangle/Plaza,No
X,0.15,Strip,No
B,0.046,Garden,No
X,2.58,Jointly Operated Playground,No
R,0.765,Undeveloped,No
R,2.2230000000000003,Nature Area,No
X,0.11599999999999999,Garden,No
M,0.054000000000000006,Garden,No
Q,0.22899999999999998,Undeveloped,No
B,0.040999999999999995,Garden,No
Q,0.032,Triangle/Plaza,No
Q,1.633,Neighborhood Park,No
B,0.20800000000000002,Playground,No
B,0.13699999999999998,Triangle/Plaza,No
R,258.72,Neighborhood Park,No
R,198.481,Parkway,No
B,0.161,Undeveloped,Yes
Q,0.996,Jointly Operated Playground,No
M,3.05,Neighborhood Park,No
Q,2.4459999999999997,Jointly Operated Playground,No
R,3.466,Jointly Operated Playground,No
Q,3.32,Jointly Operated Playground,No
X,0.696,Playground,No
B,1.7209999999999999,Jointly Operated Playground,No
M,0.07200000000000001,Triangle/Plaza,No
Q,1.537,Neighborhood Park,No
Q,1.745,Neighborhood Park,No
B,0.11,Triangle/Plaza,No
Q,0.025,Triangle/Plaza,No
M,0.12300000000000001,Recreation Field/Courts,No
Q,1.226,Undeveloped,Yes
Q,1.265,Jointly Operated Playground,No
X,0.09,Triangle/Plaza,No
B,0.23,Garden,No
X,0.61,Playground,No
B,0.172,Garden,No
B,2.878,Lot,No
B,1.024,Playground,No
B,0.027000000000000003,Triangle/Plaza,No
B,0.12300000000000001,Garden,No
X,0.63,Playground,No
X,1.285,Recreation Field/Courts,No
B,0.433,Playground,No
B,5.739,Playground,No
Q,1.5,Triangle/Plaza,No
B,0.18899999999999997,Garden,No
B,0.649,Playground,No
M,1.4780000000000002,Jointly Operated Playground,No
Q,1.15,Playground,No
X,1.44,Jointly Operated Playground,No
B,0.57,Triangle/Plaza,No
B,0.626,Neighborhood Park,No
M,0.32899999999999996,Playground,No
Q,1.55,Neighborhood Park,No
Q,0.599,Garden,No
X,0.133,Cemetery,No
Q,2.095,Neighborhood Park,No
Q,0.011000000000000001,Strip,No
M,3.8,Triangle/Plaza,No
X,0.136,Garden,No
Q,1.28,Jointly Operated Playground,No
B,0.20600000000000002,Triangle/Plaza,No
B,0.917,Jointly Operated Playground,No
X,0.11599999999999999,Garden,No
Q,0.02,Strip,No
B,0.504,Playground,No
Q,0.9740000000000001,Jointly Operated Playground,No
Q,6.218999999999999,Community Park,No
B,0.009000000000000001,Strip,No
X,1.05,Jointly Operated Playground,No
B,0.703,Jointly Operated Playground,No
Q,0.45899999999999996,Cemetery,No
Q,0.1,Triangle/Plaza,No
M,1.8,Neighborhood Park,No
X,0.1,Triangle/Plaza,No
R,0.3,Cemetery,No
B,10.01,Community Park,Yes
R,16.944000000000003,Nature Area,Yes
B,0.141,Garden,No
X,0.17,Triangle/Plaza,No
B,0.055999999999999994,Garden,No
X,0.15,Triangle/Plaza,No
B,6.02,Recreation Field/Courts,No
M,1.735,Neighborhood Park,Yes
Q,0.069,Garden,No
B,0.043,Garden,No
B,0.73,Mall,No
M,0.44,Jointly Operated Playground,No
B,1.3769999999999998,Neighborhood Park,No
R,9.187000000000001,Nature Area,No
B,0.083,Garden,No
M,6.699,Neighborhood Park,No
Q,0.9009999999999999,Undeveloped,No
B,5.317,Neighborhood Park,No
Q,0.002,Strip,No
B,0.503,Playground,No
R,0.408,Neighborhood Park,No
B,0.47600000000000003,Neighborhood Park,No
B,0.172,Garden,No
M,0.545,Historic House Park,No
R,0.785,Nature Area,No
B,0.213,Playground,No
B,6.872999999999999,Neighborhood Park,No
Q,9.375,Undeveloped,Yes
X,0.436,Triangle/Plaza,No
B,0.039,Garden,No
B,0.29,Playground,No
M,0.23,Playground,No
M,0.943,Jointly Operated Playground,No
Q,0.494,Jointly Operated Playground,No
M,0.023,Garden,No
M,1.6980000000000002,Mall,No
Q,0.9179999999999999,Playground,No
X,3.3510000000000004,Recreation Field/Courts,No
M,1.0,Neighborhood Park,No
X,3.9,Playground,No
Q,0.055,Triangle/Plaza,No
Q,1.151,Neighborhood Park,No
M,0.588,Neighborhood Park,No
B,35.533,Recreation Field/Courts,Yes
M,0.07200000000000001,Garden,No
Q,1.145,Jointly Operated Playground,No
Q,1.749,Neighborhood Park,No
Q,326.895,Parkway,Yes
B,0.07400000000000001,Garden,No
Q,2.755,Neighborhood Park,No
X,0.11,Triangle/Plaza,No
B,0.9590000000000001,Playground,No
X,0.23,Garden,No
Q,26.83,Recreation Field/Courts,No
B,0.10800000000000001,Parkway,No
X,1.4380000000000002,Jointly Operated Playground,No
M,1.38,Parkway,No
B,0.005,Triangle/Plaza,No
M,0.573,Playground,No
B,0.13699999999999998,Playground,No
M,0.34,Triangle/Plaza,No
R,1.534,Playground,No
B,1.225,Playground,Yes
X,1.8,Neighborhood Park,No
B,0.9009999999999999,Playground,No
B,0.045,Garden,No
M,1.294,Playground,No
B,0.040999999999999995,Garden,No
M,8.8,Neighborhood Park,No
M,0.44799999999999995,Triangle/Plaza,No
Q,4.353,Community Park,No
R,3.333,Community Park,No
Q,27.531,Recreation Field/Courts,No
X,1.375,Jointly Operated Playground,No
B,0.188,Garden,No
X,0.988,Playground,No
B,0.9179999999999999,Jointly Operated Playground,No
M,0.146,Garden,No
Q,59.611999999999995,Parkway,No
X,0.287,Triangle/Plaza,No
Q,0.09,Triangle/Plaza,No
M,0.789,Jointly Operated Playground,No
R,23.01,Nature Area,No
Q,0.002,Triangle/Plaza,No
B,3.38,Neighborhood Park,No
M,0.075,Triangle/Plaza,No
Q,1.43,Jointly Operated Playground,No
Q,57.92100000000001,Nature Area,Yes
Q,4.966,Community Park,No
Q,0.925,Jointly Operated Playground,No
Q,0.07,Undeveloped,No
M,0.382,Triangle/Plaza,No
X,0.06,Triangle/Plaza,No
R,3.464,Nature Area,No
B,0.87,Jointly Operated Playground,No
B,0.133,Garden,No
Q,0.207,Triangle/Plaza,No
Q,11.5,Neighborhood Park,No
X,0.5,Triangle/Plaza,No
B,9.134,Neighborhood Park,No
M,0.061,Garden,No
X,108.91,Parkway,No
X,0.5,Parkway,No
B,0.248,Garden,No
X,0.172,Garden,No
R,0.20600000000000002,Triangle/Plaza,No
Q,0.01,Triangle/Plaza,No
X,1.3259999999999998,Buildings/Institutions,No
R,1.124,Jointly Operated Playground,No
M,15.383,Neighborhood Park,Yes
Q,4.635,Neighborhood Park,No
X,1.205,Jointly Operated Playground,No
Q,3.7569999999999997,Jointly Operated Playground,No
M,0.22899999999999998,Playground,No
M,10.502,Neighborhood Park,No
R,920.426,Undeveloped,Yes
X,17.064,Neighborhood Park,Yes
M,0.171,Garden,No
Q,1.526,Jointly Operated Playground,No
Q,0.39799999999999996,Playground,No
R,0.9179999999999999,Neighborhood Park,No
B,1.089,Jointly Operated Playground,No
X,2.37,Jointly Operated Playground,No
M,23.093000000000004,Community Park,Yes
M,0.066,Triangle/Plaza,No
R,8.107999999999999,Buildings/Institutions,No
X,35.311,Community Park,No
Q,0.22899999999999998,Playground,No
Q,60.394,Neighborhood Park,Yes
Q,0.01,Triangle/Plaza,No
B,0.322,Playground,No
B,1.82,Neighborhood Park,No
X,2.213,Playground,No
Q,1.466,Jointly Operated Playground,No
X,0.22,Triangle/Plaza,No
Q,20.34,Community Park,Yes
M,2.198,Mall,No
X,5.44,Neighborhood Park,No
M,5.829,Playground,No
Q,1.23,Triangle/Plaza,No
B,7.047000000000001,Neighborhood Park,No
B,0.586,Parkway,No
X,0.55,Parkway,No
Q,0.05,Triangle/Plaza,No
R,0.912,Jointly Operated Playground,No
M,0.046,Garden,No
B,0.299,Garden,No
M,8.595,Parkway,Yes
X,0.191,Triangle/Plaza,No
R,107.514,Nature Area,Yes
X,0.35,Triangle/Plaza,No
B,0.12300000000000001,Garden,No
X,2.6460000000000004,Jointly Operated Playground,No
X,0.213,Garden,No
M,4.712,Waterfront Facility,Yes
M,0.188,Strip,No
M,0.642,Jointly Operated Playground,No
B,0.121,Garden,No
X,80.936,Parkway,No
X,0.047,Garden,No
B,0.064,Managed Sites,No
Q,0.574,Recreation Field/Courts,No
X,0.18,Garden,No
R,2.2880000000000003,Neighborhood Park,No
M,0.478,Garden,No
M,0.6559999999999999,Jointly Operated Playground,No
B,3.1689999999999996,Waterfront Facility,Yes
X,0.255,Garden,No
B,0.79,Jointly Operated Playground,No
Q,0.02,Triangle/Plaza,No
M,0.603,Neighborhood Park,No
X,0.5529999999999999,Triangle/Plaza,No
R,0.231,Cemetery,No
B,0.5,Playground,No
B,1.7,Neighborhood Park,Yes
Q,2.412,Community Park,No
Q,0.009000000000000001,Strip,No
Q,0.03,Triangle/Plaza,No
B,0.52,Playground,No
B,2.2,Triangle/Plaza,No
B,1.795,Jointly Operated Playground,No
B,0.517,Playground,No
B,1.236,Jointly Operated Playground,No
R,9.763,Nature Area,No
M,0.055,Garden,No
M,0.039,Triangle/Plaza,No
B,0.345,Recreation Field/Courts,No
Q,255.4,Community Park,Yes
B,0.038,Garden,No
B,0.078,Triangle/Plaza,No
X,0.402,Garden,No
B,0.027999999999999997,Garden,No
Q,3.5039999999999996,Cemetery,No
Q,0.006,Strip,No
B,0.494,Garden,No
B,0.667,Triangle/Plaza,No
Q,0.821,Jointly Operated Playground,No
Q,0.732,Playground,No
R,1.521,Triangle/Plaza,No
B,0.064,Garden,No
M,0.584,Jointly Operated Playground,No
Q,5.4,Neighborhood Park,No
R,0.45,Triangle/Plaza,No
X,0.183,Neighborhood Park,No
R,13.469000000000001,Recreation Field/Courts,No
Q,1.13,Jointly Operated Playground,No
M,0.08,Garden,No
Q,1.03,Playground,No
X,0.040999999999999995,Triangle/Plaza,No
B,0.13699999999999998,Garden,No
Q,2.6,Playground,No
B,0.09,Triangle/Plaza,No
X,0.745,Triangle/Plaza,No
X,11.689,Community Park,No
X,15.049000000000001,Community Park,No
X,0.013000000000000001,Undeveloped,No
Q,0.002,Strip,No
R,138.1,Community Park,No
B,1.9869999999999999,Neighborhood Park,No
Q,0.057,Garden,No
B,0.736,Jointly Operated Playground,No
B,1.22,Waterfront Facility,Yes
Q,1.056,Jointly Operated Playground,No
Q,0.009000000000000001,Triangle/Plaza,No
X,1.79,Neighborhood Park,No
B,3.485,Neighborhood Park,No
X,1.3940000000000001,Playground,No
B,0.184,Garden,No
Q,358.0,Flagship Park,No
M,0.66,Playground,No
Q,0.25,Triangle/Plaza,No
Q,6.05,Undeveloped,No
X,0.43200000000000005,Playground,No
R,39.779,Nature Area,No
Q,4.863,Neighborhood Park,Yes
M,0.73,Garden,No
X,0.135,Triangle/Plaza,No
Q,1.5530000000000002,Jointly Operated Playground,No
X,0.012,Garden,No
Q,0.17300000000000001,Garden,No
X,0.732,Neighborhood Park,No
R,0.184,Undeveloped,No
M,0.076,Garden,No
X,0.046,Strip,No
B,2.964,Playground,No
B,1.0,Jointly Operated Playground,No
M,0.063,Garden,No
B,26.256999999999998,Community Park,Yes
X,0.258,Undeveloped,No
Q,3.25,Community Park,No
B,0.5539999999999999,Playground,No
M,0.1,Garden,No
B,0.563,Neighborhood Park,Yes
X,0.037000000000000005,Strip,No
Q,8.899,Community Park,No
B,0.154,Garden,No
B,0.185,Garden,No
M,0.828,Jointly Operated Playground,No
B,4.14,Triangle/Plaza,No
B,0.172,Garden,No
Q,0.01,Triangle/Plaza,No
Q,16.439,Nature Area,No
R,0.429,Garden,No
X,1.59,Playground,No
B,1.3980000000000001,Neighborhood Park,No
B,0.061,Triangle/Plaza,No
X,1.45,Recreation Field/Courts,No
B,3.017,Buildings/Institutions,No
R,161.24200000000002,Nature Area,No
M,0.17300000000000001,Garden,No
Q,0.059000000000000004,Triangle/Plaza,No
Q,2.9389999999999996,Jointly Operated Playground,No
B,0.9640000000000001,Jointly Operated Playground,No
M,8.639,Nature Area,Yes
M,1.875,Triangle/Plaza,No
M,0.47700000000000004,Neighborhood Park,No
Q,506.86,Flagship Park,No
Q,1.16,Triangle/Plaza,No
B,0.036000000000000004,Garden,No
Q,1.837,Neighborhood Park,No
X,0.037000000000000005,Undeveloped,No
Q,0.55,Mall,No
X,0.23199999999999998,Triangle/Plaza,No
Q,0.092,Garden,No
M,0.046,Garden,No
Q,2.552,Jointly Operated Playground,No
M,0.7659999999999999,Jointly Operated Playground,No
M,0.376,Mall,No
X,0.022000000000000002,Undeveloped,No
R,1.2930000000000001,Jointly Operated Playground,No
X,718.373,Flagship Park,Yes
R,2.65,Nature Area,No
Q,0.221,Triangle/Plaza,No
M,3.361,Neighborhood Park,No
M,0.034,Triangle/Plaza,No
M,7.85,Neighborhood Park,No
B,0.049,Garden,No
B,0.46,Playground,No
X,0.516,Playground,No
X,0.14,Triangle/Plaza,No
B,2.291,Recreation Field/Courts,No
Q,1.381,Neighborhood Park,No
R,0.9159999999999999,Triangle/Plaza,No
X,0.488,Neighborhood Park,No
R,7.395,Neighborhood Park,No
Q,0.001,Triangle/Plaza,No
Q,0.294,Garden,No
M,0.34700000000000003,Neighborhood Park,No
X,0.017,Strip,No
Q,0.03,Strip,No
B,0.927,Jointly Operated Playground,No
M,1.679,Mall,No
Q,0.157,Triangle/Plaza,No
X,2.6180000000000003,Neighborhood Park,No
B,9.322000000000001,Jointly Operated Playground,No
X,0.294,Strip,No
X,0.42,Triangle/Plaza,No
B,0.16,Garden,No
B,0.10400000000000001,Triangle/Plaza,No
M,1.0,Neighborhood Park,No
M,0.095,Garden,No
B,0.052000000000000005,Garden,No
X,0.33,Garden,No
B,0.012,Triangle/Plaza,No
M,3.5669999999999997,Nature Area,No
B,2.525,Community Park,No
M,21.88,Neighborhood Park,Yes
B,0.036000000000000004,Triangle/Plaza,No
B,1.416,Jointly Operated Playground,No
B,1.085,Neighborhood Park,No
B,1.004,Jointly Operated Playground,No
X,35.771,Nature Area,No
R,1.145,Neighborhood Park,No
B,1.97,Jointly Operated Playground,No
M,0.15,Triangle/Plaza,No
B,0.965,Managed Sites,No
X,0.06,Garden,No
X,3.533,Playground,No
M,0.24,Playground,No
Q,1.919,Playground,No
X,0.74,Triangle/Plaza,No
B,0.10300000000000001,Garden,No
X,1.3769999999999998,Jointly Operated Playground,No
B,0.069,Garden,Yes
B,1.974,Playground,No
Q,1.78,Neighborhood Park,No
Q,0.1,Triangle/Plaza,No
M,0.07400000000000001,Triangle/Plaza,No
X,0.897,Undeveloped,No
B,0.183,Garden,No
B,0.35700000000000004,Recreation Field/Courts,No
R,0.207,Triangle/Plaza,No
Q,2.093,Playground,No
B,0.092,Garden,No
X,0.27,Garden,No
M,0.11,Garden,No
Q,1.1440000000000001,Jointly Operated Playground,No
Q,0.14300000000000002,Undeveloped,No
Q,376.2,Waterfront Facility,Yes
Q,0.006,Triangle/Plaza,No
Q,0.158,Triangle/Plaza,No
B,0.21,Triangle/Plaza,No
M,0.037000000000000005,Garden,No
X,1.075,Neighborhood Park,No
B,0.344,Garden,No
B,0.28,Triangle/Plaza,No
B,0.9259999999999999,Jointly Operated Playground,No
M,0.69,Buildings/Institutions,No
Q,0.287,Playground,No
B,42.941,Community Park,Yes
B,0.9640000000000001,Jointly Operated Playground,No
M,0.774,Triangle/Plaza,No
X,0.027000000000000003,Strip,No
B,24.498,Community Park,No
Q,3.827,Jointly Operated Playground,No
R,0.071,Strip,No
M,0.06,Garden,No
X,3.21,Playground,No
B,0.138,Garden,No
B,0.20600000000000002,Garden,No
X,0.8059999999999999,Neighborhood Park,No
B,0.015,Triangle/Plaza,No
X,1.359,Playground,No
R,1.137,Playground,No
R,15.524000000000001,Historic House Park,Yes
M,0.10800000000000001,Triangle/Plaza,No
B,0.29,Playground,No
B,0.348,Garden,No
M,0.475,Playground,No
B,2.734,Undeveloped,Yes
B,0.035,Triangle/Plaza,No
X,0.244,Garden,No
B,0.711,Playground,No
R,0.39,Nature Area,No
B,0.275,Garden,No
X,0.36700000000000005,Garden,No
X,0.444,Undeveloped,No
Q,0.07400000000000001,Triangle/Plaza,No
M,0.7859999999999999,Jointly Operated Playground,No
X,0.098,Garden,No
M,0.043,Garden,No
B,0.066,Triangle/Plaza,No
Q,2.4,Jointly Operated Playground,No
M,253.168,Community Park,Yes
X,1.3219999999999998,Playground,No
Q,53.298,Nature Area,Yes
X,2771.7470000000003,Flagship Park,Yes
M,0.156,Triangle/Plaza,No
Q,1.889,Jointly Operated Playground,No
R,42.6,Nature Area,No
X,30.395,Nature Area,Yes
B,1.416,Jointly Operated Playground,No
B,3.253,Community Park,No
Q,10.761,Recreation Field/Courts,No
B,0.43700000000000006,Playground,No
X,4.73,Nature Area,No
Q,0.019,Triangle/Plaza,No
B,0.871,Playground,No
M,0.12,Garden,No
Q,10.79,Community Park,No
X,0.15,Playground,No
B,0.107,Garden,No
M,12.772,Neighborhood Park,No
R,0.054000000000000006,Triangle/Plaza,No
M,0.11199999999999999,Garden,No
B,0.066,Garden,No
R,4.647,Managed Sites,No
M,1.75,Community Park,No
B,1.485,Playground,No
B,0.213,Garden,No
Q,0.619,Jointly Operated Playground,No
R,44.733000000000004,Nature Area,Yes
M,0.342,Playground,No
Q,237.14700000000002,Community Park,No
Q,0.022000000000000002,Strip,No
Q,1.033,Jointly Operated Playground,No
Q,0.402,Mall,No
X,0.401,Garden,No
B,1.21,Jointly Operated Playground,No
M,0.436,Neighborhood Park,No
M,1.635,Neighborhood Park,No
B,2.27,Jointly Operated Playground,No
M,1.285,Jointly Operated Playground,No
Q,0.319,Historic House Park,No
B,1.4380000000000002,Jointly Operated Playground,No
B,1.351,Undeveloped,No
B,0.019,Triangle/Plaza,No
B,0.20600000000000002,Garden,No
M,0.223,Playground,No
Q,0.27399999999999997,Triangle/Plaza,No
X,0.977,Neighborhood Park,No
Q,6.336,Recreation Field/Courts,No
B,0.033,Garden,No
B,2.7439999999999998,Jointly Operated Playground,No
X,0.183,Garden,No
Q,0.027000000000000003,Triangle/Plaza,No
R,315.094,Nature Area,Yes
B,1.874,Neighborhood Park,No
Q,0.1,Triangle/Plaza,No
B,1.791,Jointly Operated Playground,No
B,0.18100000000000002,Buildings/Institutions,No
M,0.142,Triangle/Plaza,No
Q,0.06,Triangle/Plaza,No
B,0.08,Garden,No
Q,0.993,Playground,No
M,1.052,Neighborhood Park,No
M,0.11900000000000001,Garden,No
B,0.006,Strip,No
Q,3.867,Neighborhood Park,No
M,0.057,Garden,No
B,0.45899999999999996,Garden,No
X,0.13,Garden,No
X,0.174,Garden,No
X,0.172,Recreation Field/Courts,No
R,1.02,Neighborhood Park,No
X,1.0,Playground,No
M,0.38299999999999995,Garden,No
B,0.047,Parkway,No
M,2.0669999999999997,Neighborhood Park,No
Q,0.006999999999999999,Strip,No
B,1.3359999999999999,Jointly Operated Playground,No
R,136.56799999999998,Nature Area,No
X,0.716,Playground,No
X,0.275,Parkway,No
M,1.578,Triangle/Plaza,No
Q,89.946,Community Park,No
B,2.799,Jointly Operated Playground,No
B,2.741,Neighborhood Park,No
Q,1.6569999999999998,Undeveloped,Yes
Q,0.191,Triangle/Plaza,No
Q,1.607,Undeveloped,No
B,0.059000000000000004,Garden,No
M,6.422999999999999,Neighborhood Park,No
B,3.39,Neighborhood Park,No
M,1.556,Neighborhood Park,Yes
M,0.10099999999999999,Garden,No
B,0.006,Triangle/Plaza,No
X,0.28600000000000003,Garden,No
B,0.09,Garden,No
B,0.11599999999999999,Triangle/Plaza,No
R,0.424,Neighborhood Park,No
R,11.193,Nature Area,Yes
Q,0.07,Triangle/Plaza,No
B,0.55,Playground,No
B,0.09699999999999999,Garden,No
B,0.04,Parkway,No
Q,1.146,Jointly Operated Playground,No
M,1.945,Neighborhood Park,No
B,2.2030000000000003,Nature Area,Yes
B,1.158,Neighborhood Park,No
Q,11.422,Neighborhood Park,No
Q,1.473,Recreation Field/Courts,No
X,0.995,Undeveloped,Yes
X,0.016,Triangle/Plaza,No
B,2.282,Jointly Operated Playground,No
X,0.054000000000000006,Garden,No
B,4.947,Neighborhood Park,No
Q,0.574,Playground,No
M,0.55,Garden,No
M,0.11699999999999999,Garden,No
M,0.545,Neighborhood Park,No
Q,0.006,Strip,No
B,0.064,Garden,No
X,0.28,Playground,No
